-- phpMyAdmin SQL Dump
-- version 4.2.9
-- http://www.phpmyadmin.net
--
-- Хост: 127.0.0.1
-- Время создания: Ноя 05 2014 г., 21:20
-- Версия сервера: 5.6.20-log
-- Версия PHP: 5.3.28

SET SQL_MODE = "NO_AUTO_VALUE_ON_ZERO";
SET time_zone = "+00:00";


/*!40101 SET @OLD_CHARACTER_SET_CLIENT=@@CHARACTER_SET_CLIENT */;
/*!40101 SET @OLD_CHARACTER_SET_RESULTS=@@CHARACTER_SET_RESULTS */;
/*!40101 SET @OLD_COLLATION_CONNECTION=@@COLLATION_CONNECTION */;
/*!40101 SET NAMES utf8 */;

--
-- База данных: `technopark_db`
--

DELIMITER $$
--
-- Процедуры
--
$$

$$

$$

$$

DELIMITER ;

-- --------------------------------------------------------

--
-- Структура таблицы `development`
--

CREATE TABLE IF NOT EXISTS `development` (
  `a` int(11) NOT NULL DEFAULT '0',
  `b` int(11) DEFAULT NULL,
  `c` int(11) DEFAULT NULL
) ENGINE=InnoDB DEFAULT CHARSET=utf8;

-- --------------------------------------------------------

--
-- Структура таблицы `followers`
--

CREATE TABLE IF NOT EXISTS `followers` (
  `u_from` int(11) NOT NULL,
  `u_to` int(11) NOT NULL
) ENGINE=InnoDB DEFAULT CHARSET=utf8;

-- --------------------------------------------------------

--
-- Структура таблицы `forum`
--

CREATE TABLE IF NOT EXISTS `forum` (
`id` int(11) NOT NULL,
  `name` varchar(255) NOT NULL,
  `short_name` varchar(255) NOT NULL,
  `user` varchar(255) NOT NULL
) ENGINE=InnoDB AUTO_INCREMENT=5 DEFAULT CHARSET=cp1251;

--
-- Дамп данных таблицы `forum`
--

INSERT INTO `forum` (`id`, `name`, `short_name`, `user`) VALUES
(1, 'Forum With Sufficiently Large Name', 'forumwithsufficientlylargename', 'example2@mail.ru'),
(2, 'Forum I', 'forum1', 'example3@mail.ru'),
(3, 'Forum II', 'forum2', 'richard.nixon@example.com'),
(4, 'Форум Три', 'forum3', 'richard.nixon@example.com');

-- --------------------------------------------------------

--
-- Структура таблицы `post`
--

CREATE TABLE IF NOT EXISTS `post` (
`id` int(11) NOT NULL,
  `date` datetime NOT NULL DEFAULT CURRENT_TIMESTAMP,
  `thread` int(11) NOT NULL,
  `message` text NOT NULL,
  `user` varchar(255) NOT NULL,
  `forum` varchar(255) NOT NULL,
  `parent` int(11) DEFAULT NULL,
  `isApproved` tinyint(1) NOT NULL DEFAULT '0',
  `isHighlighted` tinyint(1) NOT NULL DEFAULT '0',
  `isEdited` tinyint(1) NOT NULL DEFAULT '0',
  `isSpam` tinyint(1) NOT NULL DEFAULT '0',
  `isDeleted` tinyint(1) NOT NULL DEFAULT '0',
  `likes` int(11) NOT NULL DEFAULT '0',
  `dislikes` int(11) NOT NULL DEFAULT '0',
  `path` varchar(255) NOT NULL,
  `childs_count` int(11) NOT NULL DEFAULT '0'
) ENGINE=InnoDB AUTO_INCREMENT=6 DEFAULT CHARSET=cp1251;

--
-- Дамп данных таблицы `post`
--

INSERT INTO `post` (`id`, `date`, `thread`, `message`, `user`, `forum`, `parent`, `isApproved`, `isHighlighted`, `isEdited`, `isSpam`, `isDeleted`, `likes`, `dislikes`, `path`, `childs_count`) VALUES
(1, '2014-01-01 00:00:01', 3, 'my message 1my message 1my message 1my message 1my message 1my message 1my message 1my message 1my message 1my message 1my message 1my message 1my message 1my message 1my message 1my message 1my message 1my message 1my message 1my message 1my message 1my message 1my message 1my message 1my message 1my message 1my message 1my message 1my message 1my message 1my message 1my message 1my message 1my message 1my message 1my message 1my message 1my message 1my message 1my message 1my message 1my message 1my message 1my message 1my message 1my message 1my message 1my message 1my message 1my message 1my message 1my message 1my message 1my message 1my message 1my message 1my message 1my message 1my message 1my message 1my message 1my message 1my message 1my message 1my message 1my message 1my message 1my message 1my message 1my message 1my message 1my message 1my message 1my message 1my message 1my message 1my message 1my message 1my message 1my message 1my message 1my message 1my message 1my message 1my message 1my message 1my message 1my message 1my message 1my message 1my message 1my message 1my message 1my message 1my message 1my message 1my message 1my message 1my message 1my message 1', 'example4@mail.ru', 'forumwithsufficientlylargename', NULL, 1, 1, 1, 0, 0, 0, 0, '1', 1),
(2, '2014-01-01 00:02:01', 3, 'my message 3my message 3my message 3my message 3my message 3my message 3my message 3my message 3my message 3my message 3my message 3my message 3my message 3my message 3my message 3my message 3my message 3my message 3my message 3my message 3my message 3my message 3my message 3my message 3my message 3my message 3my message 3my message 3my message 3my message 3my message 3my message 3my message 3my message 3my message 3my message 3my message 3my message 3my message 3my message 3my message 3my message 3my message 3my message 3my message 3my message 3my message 3my message 3my message 3my message 3my message 3my message 3my message 3my message 3my message 3my message 3my message 3my message 3my message 3my message 3my message 3my message 3my message 3my message 3my message 3my message 3my message 3my message 3my message 3my message 3my message 3my message 3my message 3my message 3my message 3my message 3my message 3my message 3my message 3my message 3my message 3my message 3my message 3my message 3my message 3my message 3my message 3my message 3my message 3my message 3my message 3my message 3my message 3my message 3my message 3my message 3my message 3my message 3my message 3my message 3my message 3my message 3my message 3my message 3my message 3my message 3my message 3my message 3my message 3my message 3my message 3my message 3my message 3my message 3my message 3my message 3my message 3my message 3my message 3my message 3my message 3my message 3my message 3my message 3my message 3my message 3my message 3my message 3my message 3my message 3my message 3my message 3my message 3my message 3my message 3my message 3my message 3my message 3my message 3my message 3my message 3my message 3my message 3my message 3my message 3my message 3my message 3my message 3my message 3my message 3my message 3my message 3my message 3my message 3my message 3my message 3my message 3my message 3my message 3my message 3my message 3my message 3my message 3my message 3my message 3my message 3my message 3my message 3my message 3my message 3my message 3my message 3my message 3my message 3my message 3my message 3my message 3my message 3my message 3my message 3my message 3my message 3my message 3my message 3my message 3my message 3my message 3my message 3my message 3my message 3my message 3my message 3my message 3my message 3my message 3my message 3my message 3my message 3my message 3my message 3my message 3my message 3my message 3my message 3my message 3my message 3my message 3my message 3my message 3my message 3my message 3my message 3my message 3my message 3my message 3my message 3my message 3my message 3my message 3my message 3my message 3my message 3my message 3my message 3my message 3my message 3my message 3my message 3my message 3my message 3my message 3my message 3my message 3my message 3my message 3my message 3my message 3my message 3my message 3my message 3my message 3my message 3my message 3my message 3my message 3my message 3my message 3my message 3my message 3my message 3my message 3my message 3my message 3my message 3my message 3my message 3my message 3my message 3my message 3my message 3my message 3my message 3my message 3my message 3my message 3my message 3my message 3my message 3my message 3my message 3my message 3my message 3my message 3my message 3my message 3my message 3my message 3my message 3my message 3my message 3my message 3my message 3my message 3my message 3my message 3my message 3my message 3my message 3my message 3my message 3my message 3my message 3my message 3my message 3my message 3my message 3my message 3my message 3my message 3my message 3my message 3my message 3my message 3my message 3my message 3my message 3my message 3my message 3my message 3my message 3my message 3my message 3my message 3my message 3my message 3my message 3my message 3my message 3my message 3my message 3my message 3my message 3my message 3my message 3my message 3my message 3my message 3my message 3my message 3my message 3my message 3my message 3my message 3my message 3my message 3my message 3my message 3my message 3my message 3my message 3my message 3my message 3my message 3my message 3my message 3my message 3my message 3my message 3my message 3my message 3my message 3my message 3my message 3my message 3my message 3my message 3my message 3my message 3my message 3my message 3my message 3my message 3my message 3my message 3my message 3my message 3my message 3my message 3my message 3my message 3my message 3my message 3my message 3my message 3my message 3my message 3my message 3my message 3my message 3my message 3my message 3my message 3my message 3my message 3my message 3my message 3my message 3my message 3my message 3my message 3my message 3my message 3my message 3my message 3my message 3my message 3my message 3my message 3my message 3my message 3my message 3my message 3my message 3my message 3my message 3my message 3my message 3my message 3my message 3my message 3my message 3my message 3my message 3my message 3my message 3my message 3my message 3my message 3my message 3my message 3my message 3my message 3my message 3my message 3my message 3my message 3my message 3my message 3my message 3my message 3my message 3my message 3my message 3my message 3my message 3my message 3my message 3my message 3my message 3my message 3my message 3my message 3my message 3my message 3my message 3my message 3my message 3my message 3my message 3my message 3my message 3my message 3my message 3my message 3my message 3my message 3my message 3my message 3my message 3my message 3my message 3my message 3my message 3my message 3my message 3my message 3my message 3my message 3my message 3my message 3my message 3my message 3my message 3my message 3my message 3my message 3my message 3my message 3my message 3my message 3my message 3my message 3my message 3my message 3my message 3my message 3my message 3my message 3my message 3my message 3my message 3my message 3my message 3my message 3my message 3my message 3my message 3my message 3my message 3my message 3my message 3my message 3my message 3my message 3my message 3my message 3my message 3my message 3my message 3my message 3my message 3my message 3my message 3my message 3my message 3my message 3my message 3my message 3my message 3my message 3my message 3my message 3my message 3my message 3my message 3my message 3my message 3my message 3my message 3my message 3my message 3my message 3my message 3my message 3my message 3my message 3my message 3my message 3my message 3my message 3my message 3my message 3my message 3my message 3my message 3my message 3my message 3my message 3my message 3my message 3my message 3my message 3my message 3my message 3my message 3my message 3my message 3my message 3my message 3my message 3my message 3my message 3my message 3my message 3my message 3my message 3my message 3my message 3my message 3my message 3my message 3my message 3my message 3my message 3my message 3my message 3my message 3my message 3my message 3my message 3my message 3my message 3my message 3my message 3my message 3my message 3my message 3my message 3my message 3my message 3my message 3my message 3my message 3my message 3my message 3my message 3my message 3my message 3my message 3my message 3my message 3my message 3my message 3my message 3my message 3my message 3my message 3my message 3my message 3my message 3my message 3my message 3my message 3my message 3my message 3my message 3my message 3my message 3my message 3my message 3my message 3my message 3my message 3my message 3my message 3my message 3my message 3my message 3my message 3my message 3my message 3my message 3my message 3my message 3my message 3my message 3my message 3my message 3my message 3my message 3my message 3my message 3my message 3my message 3my message 3my message 3my message 3my message 3my message 3my message 3my message 3my message 3my message 3my message 3my message 3my message 3my message 3my message 3my message 3my message 3my message 3my message 3my message 3my message 3my message 3my message 3my message 3my message 3my message 3my message 3my message 3my message 3my message 3my message 3my message 3my message 3my message 3my message 3my message 3my message 3my message 3my message 3my message 3my message 3my message 3my message 3my message 3my message 3my message 3my message 3my message 3my message 3my message 3my message 3my message 3my message 3my message 3my message 3my message 3my message 3my message 3my message 3my message 3my message 3my message 3my message 3my message 3my message 3my message 3my message 3my message 3my message 3my message 3my message 3my message 3my message 3my message 3my message 3my message 3my message 3my message 3my message 3my message 3my message 3my message 3my message 3my message 3my message 3my message 3my message 3my message 3my message 3my message 3my message 3my message 3my message 3my message 3my message 3my message 3my message 3my message 3my message 3my message 3my message 3my message 3my message 3my message 3my message 3my message 3my message 3my message 3my message 3my message 3my message 3my message 3my message 3my message 3my message 3my message 3my message 3my message 3my message 3my message 3my message 3my message 3my message 3my message 3my message 3my message 3my message 3my message 3my message 3my message 3my message 3my message 3my message 3my message 3my message 3my message 3my message 3my message 3my message 3my message 3my message 3my message 3my message 3my message 3my message 3my message 3my message 3my message 3my message 3my message 3my message 3my message 3my message 3my message 3my message 3my message 3my message 3my message 3my message 3my message 3my message 3my message 3my message 3my message 3my message 3my message 3my message 3my message 3my message 3my message 3my message 3my message 3my message 3my message 3my message 3my message 3my message 3my message 3my message 3my message 3my message 3my message 3my message 3my message 3my message 3my message 3my message 3my message 3my message 3my message 3my message 3my message 3my message 3my message 3my message 3my message 3my message 3my message 3my message 3my message 3my message 3my message 3my message 3my message 3my message 3my message 3my message 3my message 3my message 3my message 3my message 3my message 3my message 3my message 3my message 3my message 3my message 3my message 3my message 3my message 3my message 3my message 3my message 3my message 3my message 3my message 3my message 3my message 3my message 3my message 3my message 3my message 3my message 3my message 3my message 3my message 3my message 3my message 3my message 3my message 3my message 3my message 3my message 3my message 3my message 3my message 3my message 3my message 3my message 3my message 3my message 3my message 3my message 3my message 3my message 3my message 3my message 3my message 3my message 3my message 3my message 3my message 3my message 3my message 3my message 3my message 3my message 3my message 3my message 3my message 3my message 3my message 3my message 3my message 3my message 3my message 3my message 3my message 3my message 3my message 3my message 3my message 3my message 3my message 3my message 3my message 3my message 3my message 3my message 3my message 3my message 3my message 3my message 3my message 3my message 3my message 3my message 3my message 3my message 3my message 3my message 3my message 3my message 3my message 3my message 3my message 3my message 3my message 3my message 3my message 3my message 3my message 3my message 3my message 3my message 3my message 3my message 3my message 3my message 3my message 3my message 3my message 3my message 3my message 3my message 3my message 3my message 3my message 3my message 3my message 3my message 3my message 3my message 3my message 3my message 3my message 3my message 3my message 3my message 3my message 3my message 3my message 3my message 3my message 3my message 3my message 3my message 3my message 3my message 3my message 3my message 3my message 3my message 3my message 3my message 3my message 3my message 3', 'example4@mail.ru', 'forumwithsufficientlylargename', 1, 0, 0, 1, 0, 0, 0, 1, '1.1', 1),
(3, '2014-01-02 00:02:01', 3, 'my message 1', 'example@mail.ru', 'forumwithsufficientlylargename', 2, 0, 0, 1, 1, 0, 0, 0, '1.1.1', 0),
(4, '2014-01-03 00:01:01', 4, 'my message 1my message 1my message 1my message 1my message 1my message 1my message 1my message 1my message 1my message 1my message 1my message 1my message 1my message 1my message 1my message 1my message 1my message 1my message 1my message 1my message 1my message 1my message 1my message 1my message 1my message 1my message 1my message 1my message 1my message 1my message 1my message 1my message 1my message 1my message 1my message 1my message 1my message 1my message 1my message 1my message 1my message 1my message 1my message 1my message 1my message 1my message 1my message 1my message 1my message 1my message 1my message 1my message 1my message 1my message 1my message 1my message 1my message 1my message 1my message 1my message 1my message 1my message 1my message 1my message 1my message 1my message 1my message 1my message 1my message 1my message 1my message 1my message 1my message 1my message 1my message 1my message 1my message 1my message 1my message 1my message 1my message 1my message 1my message 1my message 1my message 1my message 1my message 1my message 1my message 1my message 1my message 1my message 1my message 1my message 1my message 1my message 1my message 1my message 1my message 1my message 1my message 1my message 1my message 1my message 1my message 1my message 1my message 1my message 1my message 1my message 1my message 1my message 1my message 1my message 1my message 1my message 1my message 1my message 1my message 1my message 1my message 1my message 1my message 1my message 1my message 1my message 1my message 1my message 1my message 1my message 1my message 1my message 1my message 1my message 1my message 1my message 1my message 1my message 1my message 1my message 1my message 1my message 1my message 1my message 1my message 1my message 1my message 1my message 1my message 1my message 1my message 1my message 1my message 1my message 1my message 1my message 1my message 1my message 1my message 1my message 1my message 1my message 1my message 1my message 1my message 1my message 1my message 1my message 1my message 1my message 1my message 1my message 1my message 1my message 1my message 1my message 1my message 1my message 1my message 1my message 1my message 1my message 1my message 1my message 1my message 1my message 1my message 1my message 1my message 1my message 1my message 1my message 1my message 1my message 1my message 1my message 1my message 1my message 1my message 1my message 1my message 1my message 1my message 1my message 1my message 1my message 1my message 1my message 1my message 1my message 1my message 1my message 1my message 1my message 1my message 1my message 1my message 1my message 1my message 1my message 1my message 1my message 1my message 1my message 1my message 1my message 1my message 1my message 1my message 1my message 1my message 1my message 1my message 1my message 1my message 1my message 1my message 1my message 1my message 1my message 1my message 1my message 1my message 1my message 1my message 1my message 1my message 1my message 1my message 1my message 1my message 1my message 1my message 1my message 1my message 1my message 1my message 1my message 1my message 1my message 1my message 1my message 1my message 1my message 1my message 1my message 1my message 1my message 1my message 1my message 1my message 1my message 1my message 1my message 1my message 1my message 1my message 1my message 1my message 1my message 1my message 1my message 1my message 1my message 1my message 1my message 1my message 1my message 1my message 1my message 1my message 1my message 1my message 1my message 1my message 1my message 1my message 1my message 1my message 1my message 1my message 1my message 1my message 1my message 1my message 1my message 1my message 1my message 1my message 1my message 1my message 1my message 1my message 1my message 1my message 1my message 1my message 1my message 1my message 1my message 1my message 1my message 1my message 1my message 1my message 1my message 1my message 1my message 1my message 1my message 1my message 1my message 1my message 1my message 1my message 1my message 1my message 1my message 1my message 1my message 1my message 1my message 1my message 1my message 1my message 1my message 1my message 1my message 1my message 1my message 1my message 1my message 1my message 1my message 1my message 1my message 1my message 1my message 1my message 1my message 1my message 1my message 1my message 1my message 1my message 1my message 1my message 1my message 1my message 1my message 1my message 1my message 1my message 1my message 1my message 1my message 1my message 1my message 1my message 1my message 1my message 1my message 1my message 1my message 1my message 1my message 1my message 1my message 1my message 1my message 1my message 1my message 1my message 1my message 1my message 1my message 1my message 1my message 1my message 1my message 1my message 1my message 1my message 1my message 1my message 1my message 1my message 1my message 1my message 1my message 1my message 1my message 1my message 1my message 1my message 1my message 1my message 1my message 1my message 1my message 1my message 1my message 1my message 1my message 1my message 1my message 1my message 1my message 1my message 1my message 1my message 1my message 1my message 1my message 1my message 1my message 1my message 1my message 1my message 1my message 1my message 1my message 1my message 1my message 1my message 1my message 1my message 1my message 1my message 1my message 1my message 1my message 1my message 1my message 1my message 1my message 1my message 1my message 1my message 1my message 1my message 1my message 1my message 1my message 1my message 1my message 1my message 1my message 1my message 1my message 1my message 1my message 1my message 1my message 1my message 1my message 1my message 1my message 1my message 1my message 1my message 1my message 1my message 1my message 1my message 1my message 1my message 1my message 1my message 1my message 1my message 1my message 1my message 1my message 1my message 1my message 1my message 1my message 1my message 1', 'richard.nixon@example.com', 'forum2', NULL, 1, 0, 0, 0, 0, 0, 0, '2', 0),
(5, '2014-01-03 00:08:01', 4, 'my message 1', 'example4@mail.ru', 'forum2', NULL, 0, 0, 0, 0, 0, 0, 0, '3', 0);

-- --------------------------------------------------------

--
-- Структура таблицы `production`
--

CREATE TABLE IF NOT EXISTS `production` (
`a` int(11) NOT NULL,
  `b` int(11) NOT NULL,
  `c` int(11) NOT NULL
) ENGINE=InnoDB DEFAULT CHARSET=utf8;

-- --------------------------------------------------------

--
-- Структура таблицы `subscriptions`
--

CREATE TABLE IF NOT EXISTS `subscriptions` (
  `t_id` int(11) NOT NULL,
  `u_id` int(11) NOT NULL
) ENGINE=InnoDB DEFAULT CHARSET=utf8;

--
-- Дамп данных таблицы `subscriptions`
--

INSERT INTO `subscriptions` (`t_id`, `u_id`) VALUES
(2, 2),
(3, 3),
(4, 3);

-- --------------------------------------------------------

--
-- Структура таблицы `thread`
--

CREATE TABLE IF NOT EXISTS `thread` (
`id` int(11) NOT NULL,
  `forum` varchar(255) NOT NULL,
  `title` varchar(255) NOT NULL,
  `isClosed` tinyint(1) NOT NULL DEFAULT '0',
  `user` varchar(255) NOT NULL,
  `date` datetime NOT NULL DEFAULT CURRENT_TIMESTAMP,
  `message` text NOT NULL,
  `slug` varchar(255) NOT NULL,
  `isDeleted` tinyint(1) NOT NULL DEFAULT '0',
  `likes` int(11) NOT NULL DEFAULT '0',
  `dislikes` int(11) NOT NULL DEFAULT '0',
  `posts` int(11) NOT NULL DEFAULT '0'
) ENGINE=InnoDB AUTO_INCREMENT=5 DEFAULT CHARSET=cp1251;

--
-- Дамп данных таблицы `thread`
--

INSERT INTO `thread` (`id`, `forum`, `title`, `isClosed`, `user`, `date`, `message`, `slug`, `isDeleted`, `likes`, `dislikes`, `posts`) VALUES
(1, 'forum2', 'Thread With Sufficiently Large Title', 1, 'richard.nixon@example.com', '2014-01-01 00:00:01', 'hey hey hey hey!', 'Threadwithsufficientlylargetitle', 1, 0, 0, 0),
(2, 'forum2', 'Thread I', 0, 'example2@mail.ru', '2013-12-31 00:01:01', 'hey!', 'thread1', 0, 0, 0, 0),
(3, 'forumwithsufficientlylargename', 'Thread II', 0, 'example@mail.ru', '2013-12-30 00:01:01', 'hey hey!', 'thread2', 0, 0, 0, 3),
(4, 'forum2', 'Тред Три', 0, 'richard.nixon@example.com', '2013-12-29 00:01:01', 'hey hey hey! hey hey hey! hey hey hey! hey hey hey! hey hey hey! hey hey hey! hey hey hey! hey hey hey! hey hey hey! hey hey hey! hey hey hey! hey hey hey! hey hey hey! hey hey hey! hey hey hey! hey hey hey! hey hey hey! hey hey hey! hey hey hey! hey hey hey! hey hey hey! hey hey hey! hey hey hey! hey hey hey! hey hey hey! hey hey hey! hey hey hey! hey hey hey! hey hey hey! hey hey hey! hey hey hey! hey hey hey! hey hey hey! hey hey hey! hey hey hey! hey hey hey! hey hey hey! hey hey hey! hey hey hey! hey hey hey! hey hey hey! hey hey hey! hey hey hey! hey hey hey! hey hey hey! hey hey hey! hey hey hey! hey hey hey! hey hey hey! hey hey hey! hey hey hey! hey hey hey! hey hey hey! hey hey hey! hey hey hey! hey hey hey! hey hey hey! hey hey hey! hey hey hey! hey hey hey! hey hey hey! hey hey hey! hey hey hey! hey hey hey! hey hey hey! hey hey hey! hey hey hey! hey hey hey! hey hey hey! hey hey hey! hey hey hey! hey hey hey! hey hey hey! hey hey hey! hey hey hey! hey hey hey! hey hey hey! hey hey hey! hey hey hey! hey hey hey! hey hey hey! hey hey hey! hey hey hey! hey hey hey! hey hey hey! hey hey hey! hey hey hey! hey hey hey! hey hey hey! hey hey hey! hey hey hey! hey hey hey! hey hey hey! hey hey hey! hey hey hey! hey hey hey! hey hey hey! hey hey hey! hey hey hey! hey hey hey! hey hey hey! hey hey hey! hey hey hey! hey hey hey! hey hey hey! hey hey hey! hey hey hey! hey hey hey! hey hey hey! hey hey hey! hey hey hey! hey hey hey! hey hey hey! hey hey hey! hey hey hey! hey hey hey! hey hey hey! hey hey hey! hey hey hey! hey hey hey! hey hey hey! hey hey hey! hey hey hey! hey hey hey! hey hey hey! hey hey hey! hey hey hey! hey hey hey! hey hey hey! hey hey hey! hey hey hey! hey hey hey! hey hey hey! hey hey hey! hey hey hey! hey hey hey! hey hey hey! hey hey hey! hey hey hey! hey hey hey! hey hey hey! hey hey hey! hey hey hey! hey hey hey! hey hey hey! hey hey hey! hey hey hey! hey hey hey! hey hey hey! hey hey hey! hey hey hey! hey hey hey! hey hey hey! hey hey hey! hey hey hey! hey hey hey! hey hey hey! hey hey hey! hey hey hey! hey hey hey! hey hey hey! hey hey hey! hey hey hey! hey hey hey! hey hey hey! hey hey hey! hey hey hey! hey hey hey! hey hey hey! hey hey hey! hey hey hey! hey hey hey! hey hey hey! hey hey hey! hey hey hey! hey hey hey! hey hey hey! hey hey hey! hey hey hey! hey hey hey! hey hey hey! hey hey hey! hey hey hey! hey hey hey! hey hey hey! hey hey hey! hey hey hey! hey hey hey! hey hey hey! hey hey hey! hey hey hey! hey hey hey! hey hey hey! hey hey hey! hey hey hey! hey hey hey! hey hey hey! hey hey hey! hey hey hey! hey hey hey! hey hey hey! hey hey hey! hey hey hey! hey hey hey! hey hey hey! hey hey hey! hey hey hey! hey hey hey! hey hey hey! hey hey hey! hey hey hey! hey hey hey! hey hey hey! hey hey hey! hey hey hey! hey hey hey! hey hey hey! hey hey hey! hey hey hey! hey hey hey! hey hey hey! hey hey hey! hey hey hey! hey hey hey! hey hey hey! hey hey hey! hey hey hey! hey hey hey! hey hey hey! hey hey hey! hey hey hey! hey hey hey! hey hey hey! hey hey hey! hey hey hey! hey hey hey! hey hey hey! hey hey hey! hey hey hey! hey hey hey! hey hey hey! hey hey hey! hey hey hey! hey hey hey! hey hey hey! hey hey hey! hey hey hey! hey hey hey! hey hey hey! hey hey hey! hey hey hey! hey hey hey! hey hey hey! hey hey hey! hey hey hey! hey hey hey! hey hey hey! hey hey hey! hey hey hey! hey hey hey! hey hey hey! hey hey hey! hey hey hey! hey hey hey! hey hey hey! hey hey hey! hey hey hey! hey hey hey! hey hey hey! hey hey hey! hey hey hey! hey hey hey! hey hey hey! hey hey hey! hey hey hey! hey hey hey! hey hey hey! hey hey hey! hey hey hey! hey hey hey! hey hey hey! hey hey hey! hey hey hey! hey hey hey! hey hey hey! hey hey hey! hey hey hey! hey hey hey! hey hey hey! hey hey hey! hey hey hey! hey hey hey! hey hey hey! hey hey hey! hey hey hey! hey hey hey! hey hey hey! hey hey hey! hey hey hey! hey hey hey! ', 'newslug', 0, 1, 0, 2);

-- --------------------------------------------------------

--
-- Структура таблицы `user`
--

CREATE TABLE IF NOT EXISTS `user` (
`id` int(11) NOT NULL,
  `username` varchar(255) DEFAULT NULL,
  `about` text,
  `name` varchar(255) DEFAULT NULL,
  `email` varchar(255) NOT NULL,
  `isAnonymous` tinyint(1) NOT NULL DEFAULT '0'
) ENGINE=InnoDB AUTO_INCREMENT=6 DEFAULT CHARSET=cp1251;

--
-- Дамп данных таблицы `user`
--

INSERT INTO `user` (`id`, `username`, `about`, `name`, `email`, `isAnonymous`) VALUES
(1, 'user1', 'hello im user1', 'John', 'example@mail.ru', 0),
(2, NULL, NULL, NULL, 'richard.nixon@example.com', 1),
(3, 'user2', 'Wowowowow', 'NewName', 'example2@mail.ru', 0),
(4, 'user3', 'Wowowowow!!!', 'NewName2', 'example3@mail.ru', 0),
(5, 'user4', 'hello im user4', 'Jim', 'example4@mail.ru', 0);

--
-- Индексы сохранённых таблиц
--

--
-- Индексы таблицы `followers`
--
ALTER TABLE `followers`
 ADD PRIMARY KEY (`u_from`,`u_to`), ADD KEY `u_to` (`u_to`);

--
-- Индексы таблицы `forum`
--
ALTER TABLE `forum`
 ADD PRIMARY KEY (`id`), ADD UNIQUE KEY `name` (`name`), ADD UNIQUE KEY `short_name` (`short_name`), ADD KEY `user` (`user`);

--
-- Индексы таблицы `post`
--
ALTER TABLE `post`
 ADD PRIMARY KEY (`id`), ADD KEY `forum` (`forum`), ADD KEY `thread` (`thread`), ADD KEY `user` (`user`);

--
-- Индексы таблицы `production`
--
ALTER TABLE `production`
 ADD PRIMARY KEY (`a`), ADD KEY `b` (`b`);

--
-- Индексы таблицы `subscriptions`
--
ALTER TABLE `subscriptions`
 ADD PRIMARY KEY (`t_id`,`u_id`), ADD KEY `u_id` (`u_id`);

--
-- Индексы таблицы `thread`
--
ALTER TABLE `thread`
 ADD PRIMARY KEY (`id`), ADD KEY `forum` (`forum`), ADD KEY `user` (`user`);

--
-- Индексы таблицы `user`
--
ALTER TABLE `user`
 ADD PRIMARY KEY (`id`), ADD UNIQUE KEY `email` (`email`);

--
-- AUTO_INCREMENT для сохранённых таблиц
--

--
-- AUTO_INCREMENT для таблицы `forum`
--
ALTER TABLE `forum`
MODIFY `id` int(11) NOT NULL AUTO_INCREMENT,AUTO_INCREMENT=5;
--
-- AUTO_INCREMENT для таблицы `post`
--
ALTER TABLE `post`
MODIFY `id` int(11) NOT NULL AUTO_INCREMENT,AUTO_INCREMENT=6;
--
-- AUTO_INCREMENT для таблицы `production`
--
ALTER TABLE `production`
MODIFY `a` int(11) NOT NULL AUTO_INCREMENT;
--
-- AUTO_INCREMENT для таблицы `thread`
--
ALTER TABLE `thread`
MODIFY `id` int(11) NOT NULL AUTO_INCREMENT,AUTO_INCREMENT=5;
--
-- AUTO_INCREMENT для таблицы `user`
--
ALTER TABLE `user`
MODIFY `id` int(11) NOT NULL AUTO_INCREMENT,AUTO_INCREMENT=6;
--
-- Ограничения внешнего ключа сохраненных таблиц
--

--
-- Ограничения внешнего ключа таблицы `followers`
--
ALTER TABLE `followers`
ADD CONSTRAINT `followers_ibfk_1` FOREIGN KEY (`u_from`) REFERENCES `user` (`id`) ON DELETE CASCADE ON UPDATE CASCADE,
ADD CONSTRAINT `followers_ibfk_2` FOREIGN KEY (`u_to`) REFERENCES `user` (`id`) ON DELETE CASCADE ON UPDATE CASCADE;

--
-- Ограничения внешнего ключа таблицы `forum`
--
ALTER TABLE `forum`
ADD CONSTRAINT `forum_ibfk_1` FOREIGN KEY (`user`) REFERENCES `user` (`email`) ON DELETE CASCADE ON UPDATE CASCADE;

--
-- Ограничения внешнего ключа таблицы `post`
--
ALTER TABLE `post`
ADD CONSTRAINT `post_ibfk_1` FOREIGN KEY (`forum`) REFERENCES `forum` (`short_name`) ON DELETE CASCADE ON UPDATE CASCADE,
ADD CONSTRAINT `post_ibfk_2` FOREIGN KEY (`thread`) REFERENCES `thread` (`id`) ON DELETE CASCADE ON UPDATE CASCADE,
ADD CONSTRAINT `post_ibfk_3` FOREIGN KEY (`user`) REFERENCES `user` (`email`) ON DELETE CASCADE ON UPDATE CASCADE;

--
-- Ограничения внешнего ключа таблицы `subscriptions`
--
ALTER TABLE `subscriptions`
ADD CONSTRAINT `subscriptions_ibfk_1` FOREIGN KEY (`t_id`) REFERENCES `thread` (`id`) ON DELETE CASCADE ON UPDATE CASCADE,
ADD CONSTRAINT `subscriptions_ibfk_2` FOREIGN KEY (`u_id`) REFERENCES `user` (`id`) ON DELETE CASCADE ON UPDATE CASCADE;

--
-- Ограничения внешнего ключа таблицы `thread`
--
ALTER TABLE `thread`
ADD CONSTRAINT `thread_ibfk_1` FOREIGN KEY (`forum`) REFERENCES `forum` (`short_name`) ON DELETE CASCADE ON UPDATE CASCADE,
ADD CONSTRAINT `thread_ibfk_2` FOREIGN KEY (`user`) REFERENCES `user` (`email`) ON DELETE CASCADE ON UPDATE CASCADE;

/*!40101 SET CHARACTER_SET_CLIENT=@OLD_CHARACTER_SET_CLIENT */;
/*!40101 SET CHARACTER_SET_RESULTS=@OLD_CHARACTER_SET_RESULTS */;
/*!40101 SET COLLATION_CONNECTION=@OLD_COLLATION_CONNECTION */;